estado;dia;quantidaDeCasos
Rondonia;30/01/2020;0
Rondonia;31/01/2020;0
Rondonia;01/02/2020;0
Rondonia;02/02/2020;0
Rondonia;03/02/2020;0
Rondonia;04/02/2020;0
Rondonia;05/02/2020;0
Rondonia;06/02/2020;0
Rondonia;07/02/2020;0
Rondonia;08/02/2020;0
Rondonia;09/02/2020;0
Rondonia;10/02/2020;0
Rondonia;11/02/2020;0
Rondonia;12/02/2020;0
Rondonia;13/02/2020;0
Rondonia;14/02/2020;0
Rondonia;15/02/2020;0
Rondonia;16/02/2020;0
Rondonia;17/02/2020;0
Rondonia;18/02/2020;0
Rondonia;19/02/2020;0
Rondonia;20/02/2020;0
Rondonia;21/02/2020;0
Rondonia;22/02/2020;0
Rondonia;23/02/2020;0
Rondonia;24/02/2020;0
Rondonia;25/02/2020;0
Rondonia;26/02/2020;0
Rondonia;27/02/2020;0
Rondonia;28/02/2020;0
Rondonia;29/02/2020;0
Rondonia;01/03/2020;0
Rondonia;02/03/2020;0
Rondonia;03/03/2020;0
Rondonia;04/03/2020;0
Rondonia;05/03/2020;0
Rondonia;06/03/2020;0
Rondonia;07/03/2020;0
Rondonia;08/03/2020;0
Rondonia;09/03/2020;0
Rondonia;10/03/2020;0
Rondonia;11/03/2020;0
Rondonia;12/03/2020;0
Rondonia;13/03/2020;0
Rondonia;14/03/2020;0
Rondonia;15/03/2020;0
Rondonia;16/03/2020;0
Rondonia;17/03/2020;0
Rondonia;18/03/2020;0
Rondonia;19/03/2020;0
Rondonia;20/03/2020;1
Rondonia;21/03/2020;0
Rondonia;22/03/2020;2
Rondonia;23/03/2020;0
Rondonia;24/03/2020;0
Rondonia;25/03/2020;2
Rondonia;26/03/2020;0
Rondonia;27/03/2020;1
Rondonia;28/03/2020;0
Rondonia;29/03/2020;0
Rondonia;30/03/2020;0
Rondonia;31/03/2020;2
Rondonia;01/04/2020;1
Rondonia;02/04/2020;1
Rondonia;03/04/2020;0
Rondonia;04/04/2020;1
Rondonia;05/04/2020;1
Rondonia;06/04/2020;2
Rondonia;07/04/2020;4
Rondonia;08/04/2020;0
Rondonia;09/04/2020;10
Rondonia;10/04/2020;4
Rondonia;11/04/2020;1
Rondonia;12/04/2020;2
Rondonia;13/04/2020;7
Rondonia;14/04/2020;22
Rondonia;15/04/2020;5
Rondonia;16/04/2020;7
Rondonia;17/04/2020;16
Rondonia;18/04/2020;18
Rondonia;19/04/2020;18
Rondonia;20/04/2020;32
Acre;30/01/2020;0
Acre;31/01/2020;0
Acre;01/02/2020;0
Acre;02/02/2020;0
Acre;03/02/2020;0
Acre;04/02/2020;0
Acre;05/02/2020;0
Acre;06/02/2020;0
Acre;07/02/2020;0
Acre;08/02/2020;0
Acre;09/02/2020;0
Acre;10/02/2020;0
Acre;11/02/2020;0
Acre;12/02/2020;0
Acre;13/02/2020;0
Acre;14/02/2020;0
Acre;15/02/2020;0
Acre;16/02/2020;0
Acre;17/02/2020;0
Acre;18/02/2020;0
Acre;19/02/2020;0
Acre;20/02/2020;0
Acre;21/02/2020;0
Acre;22/02/2020;0
Acre;23/02/2020;0
Acre;24/02/2020;0
Acre;25/02/2020;0
Acre;26/02/2020;0
Acre;27/02/2020;0
Acre;28/02/2020;0
Acre;29/02/2020;0
Acre;01/03/2020;0
Acre;02/03/2020;0
Acre;03/03/2020;0
Acre;04/03/2020;0
Acre;05/03/2020;0
Acre;06/03/2020;0
Acre;07/03/2020;0
Acre;08/03/2020;0
Acre;09/03/2020;0
Acre;10/03/2020;0
Acre;11/03/2020;0
Acre;12/03/2020;0
Acre;13/03/2020;0
Acre;14/03/2020;0
Acre;15/03/2020;0
Acre;16/03/2020;0
Acre;17/03/2020;0
Acre;18/03/2020;0
Acre;19/03/2020;3
Acre;20/03/2020;4
Acre;21/03/2020;2
Acre;22/03/2020;2
Acre;23/03/2020;0
Acre;24/03/2020;6
Acre;25/03/2020;6
Acre;26/03/2020;1
Acre;27/03/2020;1
Acre;28/03/2020;0
Acre;29/03/2020;9
Acre;30/03/2020;8
Acre;31/03/2020;0
Acre;01/04/2020;1
Acre;02/04/2020;0
Acre;03/04/2020;3
Acre;04/04/2020;0
Acre;05/04/2020;2
Acre;06/04/2020;2
Acre;07/04/2020;0
Acre;08/04/2020;4
Acre;09/04/2020;8
Acre;10/04/2020;8
Acre;11/04/2020;2
Acre;12/04/2020;5
Acre;13/04/2020;13
Acre;14/04/2020;9
Acre;15/04/2020;2
Acre;16/04/2020;9
Acre;17/04/2020;25
Acre;18/04/2020;7
Acre;19/04/2020;21
Acre;20/04/2020;13
Amazonia;30/01/2020;0
Amazonia;31/01/2020;0
Amazonia;01/02/2020;0
Amazonia;02/02/2020;0
Amazonia;03/02/2020;0
Amazonia;04/02/2020;0
Amazonia;05/02/2020;0
Amazonia;06/02/2020;0
Amazonia;07/02/2020;0
Amazonia;08/02/2020;0
Amazonia;09/02/2020;0
Amazonia;10/02/2020;0
Amazonia;11/02/2020;0
Amazonia;12/02/2020;0
Amazonia;13/02/2020;0
Amazonia;14/02/2020;0
Amazonia;15/02/2020;0
Amazonia;16/02/2020;0
Amazonia;17/02/2020;0
Amazonia;18/02/2020;0
Amazonia;19/02/2020;0
Amazonia;20/02/2020;0
Amazonia;21/02/2020;0
Amazonia;22/02/2020;0
Amazonia;23/02/2020;0
Amazonia;24/02/2020;0
Amazonia;25/02/2020;0
Amazonia;26/02/2020;0
Amazonia;27/02/2020;0
Amazonia;28/02/2020;0
Amazonia;29/02/2020;0
Amazonia;01/03/2020;0
Amazonia;02/03/2020;0
Amazonia;03/03/2020;0
Amazonia;04/03/2020;0
Amazonia;05/03/2020;0
Amazonia;06/03/2020;0
Amazonia;07/03/2020;0
Amazonia;08/03/2020;0
Amazonia;09/03/2020;0
Amazonia;10/03/2020;0
Amazonia;11/03/2020;0
Amazonia;12/03/2020;0
Amazonia;13/03/2020;0
Amazonia;14/03/2020;0
Amazonia;15/03/2020;1
Amazonia;16/03/2020;0
Amazonia;17/03/2020;0
Amazonia;18/03/2020;0
Amazonia;19/03/2020;2
Amazonia;20/03/2020;0
Amazonia;21/03/2020;8
Amazonia;22/03/2020;15
Amazonia;23/03/2020;6
Amazonia;24/03/2020;15
Amazonia;25/03/2020;7
Amazonia;26/03/2020;13
Amazonia;27/03/2020;14
Amazonia;28/03/2020;30
Amazonia;29/03/2020;29
Amazonia;30/03/2020;11
Amazonia;31/03/2020;24
Amazonia;01/04/2020;25
Amazonia;02/04/2020;29
Amazonia;03/04/2020;31
Amazonia;04/04/2020;51
Amazonia;05/04/2020;106
Amazonia;06/04/2020;115
Amazonia;07/04/2020;104
Amazonia;08/04/2020;168
Amazonia;09/04/2020;95
Amazonia;10/04/2020;82
Amazonia;11/04/2020;69
Amazonia;12/04/2020;156
Amazonia;13/04/2020;69
Amazonia;14/04/2020;209
Amazonia;15/04/2020;70
Amazonia;16/04/2020;165
Amazonia;17/04/2020;90
Amazonia;18/04/2020;88
Amazonia;19/04/2020;147
Amazonia;20/04/2020;116
Roraima;30/01/2020;0
Roraima;31/01/2020;0
Roraima;01/02/2020;0
Roraima;02/02/2020;0
Roraima;03/02/2020;0
Roraima;04/02/2020;0
Roraima;05/02/2020;0
Roraima;06/02/2020;0
Roraima;07/02/2020;0
Roraima;08/02/2020;0
Roraima;09/02/2020;0
Roraima;10/02/2020;0
Roraima;11/02/2020;0
Roraima;12/02/2020;0
Roraima;13/02/2020;0
Roraima;14/02/2020;0
Roraima;15/02/2020;0
Roraima;16/02/2020;0
Roraima;17/02/2020;0
Roraima;18/02/2020;0
Roraima;19/02/2020;0
Roraima;20/02/2020;0
Roraima;21/02/2020;0
Roraima;22/02/2020;0
Roraima;23/02/2020;0
Roraima;24/02/2020;0
Roraima;25/02/2020;0
Roraima;26/02/2020;0
Roraima;27/02/2020;0
Roraima;28/02/2020;0
Roraima;29/02/2020;0
Roraima;01/03/2020;0
Roraima;02/03/2020;0
Roraima;03/03/2020;0
Roraima;04/03/2020;0
Roraima;05/03/2020;0
Roraima;06/03/2020;0
Roraima;07/03/2020;0
Roraima;08/03/2020;0
Roraima;09/03/2020;0
Roraima;10/03/2020;0
Roraima;11/03/2020;0
Roraima;12/03/2020;0
Roraima;13/03/2020;0
Roraima;14/03/2020;0
Roraima;15/03/2020;0
Roraima;16/03/2020;0
Roraima;17/03/2020;0
Roraima;18/03/2020;0
Roraima;19/03/2020;0
Roraima;20/03/2020;0
Roraima;21/03/2020;0
Roraima;22/03/2020;2
Roraima;23/03/2020;0
Roraima;24/03/2020;0
Roraima;25/03/2020;6
Roraima;26/03/2020;0
Roraima;27/03/2020;2
Roraima;28/03/2020;2
Roraima;29/03/2020;4
Roraima;30/03/2020;0
Roraima;31/03/2020;0
Roraima;01/04/2020;6
Roraima;02/04/2020;4
Roraima;03/04/2020;4
Roraima;04/04/2020;7
Roraima;05/04/2020;5
Roraima;06/04/2020;0
Roraima;07/04/2020;0
Roraima;08/04/2020;7
Roraima;09/04/2020;3
Roraima;10/04/2020;11
Roraima;11/04/2020;12
Roraima;12/04/2020;4
Roraima;13/04/2020;4
Roraima;14/04/2020;30
Roraima;15/04/2020;1
Roraima;16/04/2020;28
Roraima;17/04/2020;22
Roraima;18/04/2020;37
Roraima;19/04/2020;21
Roraima;20/04/2020;22
Para;30/01/2020;0
Para;31/01/2020;0
Para;01/02/2020;0
Para;02/02/2020;0
Para;03/02/2020;0
Para;04/02/2020;0
Para;05/02/2020;0
Para;06/02/2020;0
Para;07/02/2020;0
Para;08/02/2020;0
Para;09/02/2020;0
Para;10/02/2020;0
Para;11/02/2020;0
Para;12/02/2020;0
Para;13/02/2020;0
Para;14/02/2020;0
Para;15/02/2020;0
Para;16/02/2020;0
Para;17/02/2020;0
Para;18/02/2020;0
Para;19/02/2020;0
Para;20/02/2020;0
Para;21/02/2020;0
Para;22/02/2020;0
Para;23/02/2020;0
Para;24/02/2020;0
Para;25/02/2020;0
Para;26/02/2020;0
Para;27/02/2020;0
Para;28/02/2020;0
Para;29/02/2020;0
Para;01/03/2020;0
Para;02/03/2020;0
Para;03/03/2020;0
Para;04/03/2020;0
Para;05/03/2020;0
Para;06/03/2020;0
Para;07/03/2020;0
Para;08/03/2020;0
Para;09/03/2020;0
Para;10/03/2020;0
Para;11/03/2020;0
Para;12/03/2020;0
Para;13/03/2020;0
Para;14/03/2020;0
Para;15/03/2020;0
Para;16/03/2020;0
Para;17/03/2020;0
Para;18/03/2020;0
Para;19/03/2020;1
Para;20/03/2020;1
Para;21/03/2020;0
Para;22/03/2020;2
Para;23/03/2020;1
Para;24/03/2020;0
Para;25/03/2020;2
Para;26/03/2020;6
Para;27/03/2020;0
Para;28/03/2020;4
Para;29/03/2020;1
Para;30/03/2020;3
Para;31/03/2020;11
Para;01/04/2020;8
Para;02/04/2020;6
Para;03/04/2020;4
Para;04/04/2020;30
Para;05/04/2020;6
Para;06/04/2020;16
Para;07/04/2020;36
Para;08/04/2020;29
Para;09/04/2020;1
Para;10/04/2020;2
Para;11/04/2020;47
Para;12/04/2020;29
Para;13/04/2020;24
Para;14/04/2020;53
Para;15/04/2020;61
Para;16/04/2020;54
Para;17/04/2020;119
Para;18/04/2020;83
Para;19/04/2020;45
Para;20/04/2020;217
Amapa;30/01/2020;0
Amapa;31/01/2020;0
Amapa;01/02/2020;0
Amapa;02/02/2020;0
Amapa;03/02/2020;0
Amapa;04/02/2020;0
Amapa;05/02/2020;0
Amapa;06/02/2020;0
Amapa;07/02/2020;0
Amapa;08/02/2020;0
Amapa;09/02/2020;0
Amapa;10/02/2020;0
Amapa;11/02/2020;0
Amapa;12/02/2020;0
Amapa;13/02/2020;0
Amapa;14/02/2020;0
Amapa;15/02/2020;0
Amapa;16/02/2020;0
Amapa;17/02/2020;0
Amapa;18/02/2020;0
Amapa;19/02/2020;0
Amapa;20/02/2020;0
Amapa;21/02/2020;0
Amapa;22/02/2020;0
Amapa;23/02/2020;0
Amapa;24/02/2020;0
Amapa;25/02/2020;0
Amapa;26/02/2020;0
Amapa;27/02/2020;0
Amapa;28/02/2020;0
Amapa;29/02/2020;0
Amapa;01/03/2020;0
Amapa;02/03/2020;0
Amapa;03/03/2020;0
Amapa;04/03/2020;0
Amapa;05/03/2020;0
Amapa;06/03/2020;0
Amapa;07/03/2020;0
Amapa;08/03/2020;0
Amapa;09/03/2020;0
Amapa;10/03/2020;0
Amapa;11/03/2020;0
Amapa;12/03/2020;0
Amapa;13/03/2020;0
Amapa;14/03/2020;0
Amapa;15/03/2020;0
Amapa;16/03/2020;0
Amapa;17/03/2020;0
Amapa;18/03/2020;0
Amapa;19/03/2020;0
Amapa;20/03/2020;1
Amapa;21/03/2020;0
Amapa;22/03/2020;0
Amapa;23/03/2020;0
Amapa;24/03/2020;0
Amapa;25/03/2020;0
Amapa;26/03/2020;1
Amapa;27/03/2020;0
Amapa;28/03/2020;2
Amapa;29/03/2020;0
Amapa;30/03/2020;4
Amapa;31/03/2020;2
Amapa;01/04/2020;1
Amapa;02/04/2020;0
Amapa;03/04/2020;8
Amapa;04/04/2020;9
Amapa;05/04/2020;1
Amapa;06/04/2020;5
Amapa;07/04/2020;14
Amapa;08/04/2020;59
Amapa;09/04/2020;21
Amapa;10/04/2020;38
Amapa;11/04/2020;27
Amapa;12/04/2020;37
Amapa;13/04/2020;12
Amapa;14/04/2020;65
Amapa;15/04/2020;27
Amapa;16/04/2020;28
Amapa;17/04/2020;8
Amapa;18/04/2020;23
Amapa;19/04/2020;23
Amapa;20/04/2020;17
Tocantins;30/01/2020;0
Tocantins;31/01/2020;0
Tocantins;01/02/2020;0
Tocantins;02/02/2020;0
Tocantins;03/02/2020;0
Tocantins;04/02/2020;0
Tocantins;05/02/2020;0
Tocantins;06/02/2020;0
Tocantins;07/02/2020;0
Tocantins;08/02/2020;0
Tocantins;09/02/2020;0
Tocantins;10/02/2020;0
Tocantins;11/02/2020;0
Tocantins;12/02/2020;0
Tocantins;13/02/2020;0
Tocantins;14/02/2020;0
Tocantins;15/02/2020;0
Tocantins;16/02/2020;0
Tocantins;17/02/2020;0
Tocantins;18/02/2020;0
Tocantins;19/02/2020;0
Tocantins;20/02/2020;0
Tocantins;21/02/2020;0
Tocantins;22/02/2020;0
Tocantins;23/02/2020;0
Tocantins;24/02/2020;0
Tocantins;25/02/2020;0
Tocantins;26/02/2020;0
Tocantins;27/02/2020;0
Tocantins;28/02/2020;0
Tocantins;29/02/2020;0
Tocantins;01/03/2020;0
Tocantins;02/03/2020;0
Tocantins;03/03/2020;0
Tocantins;04/03/2020;0
Tocantins;05/03/2020;0
Tocantins;06/03/2020;0
Tocantins;07/03/2020;0
Tocantins;08/03/2020;0
Tocantins;09/03/2020;0
Tocantins;10/03/2020;0
Tocantins;11/03/2020;0
Tocantins;12/03/2020;0
Tocantins;13/03/2020;0
Tocantins;14/03/2020;0
Tocantins;15/03/2020;0
Tocantins;16/03/2020;0
Tocantins;17/03/2020;0
Tocantins;18/03/2020;0
Tocantins;19/03/2020;1
Tocantins;20/03/2020;0
Tocantins;21/03/2020;1
Tocantins;22/03/2020;0
Tocantins;23/03/2020;3
Tocantins;24/03/2020;2
Tocantins;25/03/2020;0
Tocantins;26/03/2020;0
Tocantins;27/03/2020;1
Tocantins;28/03/2020;1
Tocantins;29/03/2020;0
Tocantins;30/03/2020;1
Tocantins;31/03/2020;1
Tocantins;01/04/2020;1
Tocantins;02/04/2020;0
Tocantins;03/04/2020;0
Tocantins;04/04/2020;2
Tocantins;05/04/2020;3
Tocantins;06/04/2020;0
Tocantins;07/04/2020;2
Tocantins;08/04/2020;4
Tocantins;09/04/2020;0
Tocantins;10/04/2020;0
Tocantins;11/04/2020;0
Tocantins;12/04/2020;2
Tocantins;13/04/2020;1
Tocantins;14/04/2020;0
Tocantins;15/04/2020;0
Tocantins;16/04/2020;3
Tocantins;17/04/2020;2
Tocantins;18/04/2020;2
Tocantins;19/04/2020;0
Tocantins;20/04/2020;1
Maranhao;30/01/2020;0
Maranhao;31/01/2020;0
Maranhao;01/02/2020;0
Maranhao;02/02/2020;0
Maranhao;03/02/2020;0
Maranhao;04/02/2020;0
Maranhao;05/02/2020;0
Maranhao;06/02/2020;0
Maranhao;07/02/2020;0
Maranhao;08/02/2020;0
Maranhao;09/02/2020;0
Maranhao;10/02/2020;0
Maranhao;11/02/2020;0
Maranhao;12/02/2020;0
Maranhao;13/02/2020;0
Maranhao;14/02/2020;0
Maranhao;15/02/2020;0
Maranhao;16/02/2020;0
Maranhao;17/02/2020;0
Maranhao;18/02/2020;0
Maranhao;19/02/2020;0
Maranhao;20/02/2020;0
Maranhao;21/02/2020;0
Maranhao;22/02/2020;0
Maranhao;23/02/2020;0
Maranhao;24/02/2020;0
Maranhao;25/02/2020;0
Maranhao;26/02/2020;0
Maranhao;27/02/2020;0
Maranhao;28/02/2020;0
Maranhao;29/02/2020;0
Maranhao;01/03/2020;0
Maranhao;02/03/2020;0
Maranhao;03/03/2020;0
Maranhao;04/03/2020;0
Maranhao;05/03/2020;0
Maranhao;06/03/2020;0
Maranhao;07/03/2020;0
Maranhao;08/03/2020;0
Maranhao;09/03/2020;0
Maranhao;10/03/2020;0
Maranhao;11/03/2020;0
Maranhao;12/03/2020;0
Maranhao;13/03/2020;0
Maranhao;14/03/2020;0
Maranhao;15/03/2020;0
Maranhao;16/03/2020;0
Maranhao;17/03/2020;0
Maranhao;18/03/2020;0
Maranhao;19/03/2020;0
Maranhao;20/03/2020;0
Maranhao;21/03/2020;1
Maranhao;22/03/2020;1
Maranhao;23/03/2020;0
Maranhao;24/03/2020;6
Maranhao;25/03/2020;0
Maranhao;26/03/2020;2
Maranhao;27/03/2020;3
Maranhao;28/03/2020;1
Maranhao;29/03/2020;2
Maranhao;30/03/2020;7
Maranhao;31/03/2020;8
Maranhao;01/04/2020;21
Maranhao;02/04/2020;19
Maranhao;03/04/2020;10
Maranhao;04/04/2020;7
Maranhao;05/04/2020;8
Maranhao;06/04/2020;37
Maranhao;07/04/2020;39
Maranhao;08/04/2020;58
Maranhao;09/04/2020;43
Maranhao;10/04/2020;20
Maranhao;11/04/2020;51
Maranhao;12/04/2020;54
Maranhao;13/04/2020;47
Maranhao;14/04/2020;33
Maranhao;15/04/2020;152
Maranhao;16/04/2020;65
Maranhao;17/04/2020;102
Maranhao;18/04/2020;243
Maranhao;19/04/2020;165
Maranhao;20/04/2020;115
Piaui;30/01/2020;0
Piaui;31/01/2020;0
Piaui;01/02/2020;0
Piaui;02/02/2020;0
Piaui;03/02/2020;0
Piaui;04/02/2020;0
Piaui;05/02/2020;0
Piaui;06/02/2020;0
Piaui;07/02/2020;0
Piaui;08/02/2020;0
Piaui;09/02/2020;0
Piaui;10/02/2020;0
Piaui;11/02/2020;0
Piaui;12/02/2020;0
Piaui;13/02/2020;0
Piaui;14/02/2020;0
Piaui;15/02/2020;0
Piaui;16/02/2020;0
Piaui;17/02/2020;0
Piaui;18/02/2020;0
Piaui;19/02/2020;0
Piaui;20/02/2020;0
Piaui;21/02/2020;0
Piaui;22/02/2020;0
Piaui;23/02/2020;0
Piaui;24/02/2020;0
Piaui;25/02/2020;0
Piaui;26/02/2020;0
Piaui;27/02/2020;0
Piaui;28/02/2020;0
Piaui;29/02/2020;0
Piaui;01/03/2020;0
Piaui;02/03/2020;0
Piaui;03/03/2020;0
Piaui;04/03/2020;0
Piaui;05/03/2020;0
Piaui;06/03/2020;0
Piaui;07/03/2020;0
Piaui;08/03/2020;0
Piaui;09/03/2020;0
Piaui;10/03/2020;0
Piaui;11/03/2020;0
Piaui;12/03/2020;0
Piaui;13/03/2020;0
Piaui;14/03/2020;0
Piaui;15/03/2020;0
Piaui;16/03/2020;0
Piaui;17/03/2020;0
Piaui;18/03/2020;0
Piaui;19/03/2020;0
Piaui;20/03/2020;3
Piaui;21/03/2020;1
Piaui;22/03/2020;0
Piaui;23/03/2020;2
Piaui;24/03/2020;0
Piaui;25/03/2020;2
Piaui;26/03/2020;1
Piaui;27/03/2020;0
Piaui;28/03/2020;2
Piaui;29/03/2020;3
Piaui;30/03/2020;2
Piaui;31/03/2020;2
Piaui;01/04/2020;0
Piaui;02/04/2020;1
Piaui;03/04/2020;2
Piaui;04/04/2020;1
Piaui;05/04/2020;1
Piaui;06/04/2020;0
Piaui;07/04/2020;5
Piaui;08/04/2020;3
Piaui;09/04/2020;7
Piaui;10/04/2020;2
Piaui;11/04/2020;1
Piaui;12/04/2020;3
Piaui;13/04/2020;6
Piaui;14/04/2020;8
Piaui;15/04/2020;17
Piaui;16/04/2020;16
Piaui;17/04/2020;11
Piaui;18/04/2020;21
Piaui;19/04/2020;22
Piaui;20/04/2020;13
Ceara;30/01/2020;0
Ceara;31/01/2020;0
Ceara;01/02/2020;0
Ceara;02/02/2020;0
Ceara;03/02/2020;0
Ceara;04/02/2020;0
Ceara;05/02/2020;0
Ceara;06/02/2020;0
Ceara;07/02/2020;0
Ceara;08/02/2020;0
Ceara;09/02/2020;0
Ceara;10/02/2020;0
Ceara;11/02/2020;0
Ceara;12/02/2020;0
Ceara;13/02/2020;0
Ceara;14/02/2020;0
Ceara;15/02/2020;0
Ceara;16/02/2020;0
Ceara;17/02/2020;0
Ceara;18/02/2020;0
Ceara;19/02/2020;0
Ceara;20/02/2020;0
Ceara;21/02/2020;0
Ceara;22/02/2020;0
Ceara;23/02/2020;0
Ceara;24/02/2020;0
Ceara;25/02/2020;0
Ceara;26/02/2020;0
Ceara;27/02/2020;0
Ceara;28/02/2020;0
Ceara;29/02/2020;0
Ceara;01/03/2020;0
Ceara;02/03/2020;0
Ceara;03/03/2020;0
Ceara;04/03/2020;0
Ceara;05/03/2020;0
Ceara;06/03/2020;0
Ceara;07/03/2020;0
Ceara;08/03/2020;0
Ceara;09/03/2020;0
Ceara;10/03/2020;0
Ceara;11/03/2020;0
Ceara;12/03/2020;0
Ceara;13/03/2020;0
Ceara;14/03/2020;0
Ceara;15/03/2020;0
Ceara;16/03/2020;0
Ceara;17/03/2020;5
Ceara;18/03/2020;4
Ceara;19/03/2020;11
Ceara;20/03/2020;35
Ceara;21/03/2020;13
Ceara;22/03/2020;44
Ceara;23/03/2020;51
Ceara;24/03/2020;19
Ceara;25/03/2020;18
Ceara;26/03/2020;35
Ceara;27/03/2020;47
Ceara;28/03/2020;32
Ceara;29/03/2020;34
Ceara;30/03/2020;24
Ceara;31/03/2020;18
Ceara;01/04/2020;54
Ceara;02/04/2020;106
Ceara;03/04/2020;77
Ceara;04/04/2020;103
Ceara;05/04/2020;93
Ceara;06/04/2020;190
Ceara;07/04/2020;38
Ceara;08/04/2020;240
Ceara;09/04/2020;134
Ceara;10/04/2020;53
Ceara;11/04/2020;104
Ceara;12/04/2020;94
Ceara;13/04/2020;124
Ceara;14/04/2020;205
Ceara;15/04/2020;152
Ceara;16/04/2020;229
Ceara;17/04/2020;298
Ceara;18/04/2020;350
Ceara;19/04/2020;218
Ceara;20/04/2020;230
RioGrandedoNorte;30/01/2020;0
RioGrandedoNorte;31/01/2020;0
RioGrandedoNorte;01/02/2020;0
RioGrandedoNorte;02/02/2020;0
RioGrandedoNorte;03/02/2020;0
RioGrandedoNorte;04/02/2020;0
RioGrandedoNorte;05/02/2020;0
RioGrandedoNorte;06/02/2020;0
RioGrandedoNorte;07/02/2020;0
RioGrandedoNorte;08/02/2020;0
RioGrandedoNorte;09/02/2020;0
RioGrandedoNorte;10/02/2020;0
RioGrandedoNorte;11/02/2020;0
RioGrandedoNorte;12/02/2020;0
RioGrandedoNorte;13/02/2020;0
RioGrandedoNorte;14/02/2020;0
RioGrandedoNorte;15/02/2020;0
RioGrandedoNorte;16/02/2020;0
RioGrandedoNorte;17/02/2020;0
RioGrandedoNorte;18/02/2020;0
RioGrandedoNorte;19/02/2020;0
RioGrandedoNorte;20/02/2020;0
RioGrandedoNorte;21/02/2020;0
RioGrandedoNorte;22/02/2020;0
RioGrandedoNorte;23/02/2020;0
RioGrandedoNorte;24/02/2020;0
RioGrandedoNorte;25/02/2020;0
RioGrandedoNorte;26/02/2020;0
RioGrandedoNorte;27/02/2020;0
RioGrandedoNorte;28/02/2020;0
RioGrandedoNorte;29/02/2020;0
RioGrandedoNorte;01/03/2020;0
RioGrandedoNorte;02/03/2020;0
RioGrandedoNorte;03/03/2020;0
RioGrandedoNorte;04/03/2020;0
RioGrandedoNorte;05/03/2020;0
RioGrandedoNorte;06/03/2020;0
RioGrandedoNorte;07/03/2020;0
RioGrandedoNorte;08/03/2020;0
RioGrandedoNorte;09/03/2020;0
RioGrandedoNorte;10/03/2020;0
RioGrandedoNorte;11/03/2020;0
RioGrandedoNorte;12/03/2020;0
RioGrandedoNorte;13/03/2020;1
RioGrandedoNorte;14/03/2020;0
RioGrandedoNorte;15/03/2020;0
RioGrandedoNorte;16/03/2020;0
RioGrandedoNorte;17/03/2020;0
RioGrandedoNorte;18/03/2020;0
RioGrandedoNorte;19/03/2020;0
RioGrandedoNorte;20/03/2020;0
RioGrandedoNorte;21/03/2020;5
RioGrandedoNorte;22/03/2020;3
RioGrandedoNorte;23/03/2020;4
RioGrandedoNorte;24/03/2020;0
RioGrandedoNorte;25/03/2020;1
RioGrandedoNorte;26/03/2020;5
RioGrandedoNorte;27/03/2020;9
RioGrandedoNorte;28/03/2020;17
RioGrandedoNorte;29/03/2020;23
RioGrandedoNorte;30/03/2020;9
RioGrandedoNorte;31/03/2020;5
RioGrandedoNorte;01/04/2020;10
RioGrandedoNorte;02/04/2020;13
RioGrandedoNorte;03/04/2020;71
RioGrandedoNorte;04/04/2020;36
RioGrandedoNorte;05/04/2020;30
RioGrandedoNorte;06/04/2020;4
RioGrandedoNorte;07/04/2020;8
RioGrandedoNorte;08/04/2020;7
RioGrandedoNorte;09/04/2020;0
RioGrandedoNorte;10/04/2020;2
RioGrandedoNorte;11/04/2020;26
RioGrandedoNorte;12/04/2020;13
RioGrandedoNorte;13/04/2020;37
RioGrandedoNorte;14/04/2020;37
RioGrandedoNorte;15/04/2020;23
RioGrandedoNorte;16/04/2020;1
RioGrandedoNorte;17/04/2020;63
RioGrandedoNorte;18/04/2020;53
RioGrandedoNorte;19/04/2020;15
RioGrandedoNorte;20/04/2020;64
Paraiba;30/01/2020;0
Paraiba;31/01/2020;0
Paraiba;01/02/2020;0
Paraiba;02/02/2020;0
Paraiba;03/02/2020;0
Paraiba;04/02/2020;0
Paraiba;05/02/2020;0
Paraiba;06/02/2020;0
Paraiba;07/02/2020;0
Paraiba;08/02/2020;0
Paraiba;09/02/2020;0
Paraiba;10/02/2020;0
Paraiba;11/02/2020;0
Paraiba;12/02/2020;0
Paraiba;13/02/2020;0
Paraiba;14/02/2020;0
Paraiba;15/02/2020;0
Paraiba;16/02/2020;0
Paraiba;17/02/2020;0
Paraiba;18/02/2020;0
Paraiba;19/02/2020;0
Paraiba;20/02/2020;0
Paraiba;21/02/2020;0
Paraiba;22/02/2020;0
Paraiba;23/02/2020;0
Paraiba;24/02/2020;0
Paraiba;25/02/2020;0
Paraiba;26/02/2020;0
Paraiba;27/02/2020;0
Paraiba;28/02/2020;0
Paraiba;29/02/2020;0
Paraiba;01/03/2020;0
Paraiba;02/03/2020;0
Paraiba;03/03/2020;0
Paraiba;04/03/2020;0
Paraiba;05/03/2020;0
Paraiba;06/03/2020;0
Paraiba;07/03/2020;0
Paraiba;08/03/2020;0
Paraiba;09/03/2020;0
Paraiba;10/03/2020;0
Paraiba;11/03/2020;0
Paraiba;12/03/2020;0
Paraiba;13/03/2020;0
Paraiba;14/03/2020;0
Paraiba;15/03/2020;0
Paraiba;16/03/2020;0
Paraiba;17/03/2020;0
Paraiba;18/03/2020;0
Paraiba;19/03/2020;1
Paraiba;20/03/2020;0
Paraiba;21/03/2020;0
Paraiba;22/03/2020;0
Paraiba;23/03/2020;1
Paraiba;24/03/2020;1
Paraiba;25/03/2020;0
Paraiba;26/03/2020;2
Paraiba;27/03/2020;4
Paraiba;28/03/2020;5
Paraiba;29/03/2020;0
Paraiba;30/03/2020;1
Paraiba;31/03/2020;2
Paraiba;01/04/2020;3
Paraiba;02/04/2020;1
Paraiba;03/04/2020;8
Paraiba;04/04/2020;3
Paraiba;05/04/2020;2
Paraiba;06/04/2020;1
Paraiba;07/04/2020;1
Paraiba;08/04/2020;5
Paraiba;09/04/2020;14
Paraiba;10/04/2020;24
Paraiba;11/04/2020;6
Paraiba;12/04/2020;16
Paraiba;13/04/2020;10
Paraiba;14/04/2020;25
Paraiba;15/04/2020;15
Paraiba;16/04/2020;14
Paraiba;17/04/2020;30
Paraiba;18/04/2020;10
Paraiba;19/04/2020;31
Paraiba;20/04/2020;9
Pernambuco;30/01/2020;0
Pernambuco;31/01/2020;0
Pernambuco;01/02/2020;0
Pernambuco;02/02/2020;0
Pernambuco;03/02/2020;0
Pernambuco;04/02/2020;0
Pernambuco;05/02/2020;0
Pernambuco;06/02/2020;0
Pernambuco;07/02/2020;0
Pernambuco;08/02/2020;0
Pernambuco;09/02/2020;0
Pernambuco;10/02/2020;0
Pernambuco;11/02/2020;0
Pernambuco;12/02/2020;0
Pernambuco;13/02/2020;0
Pernambuco;14/02/2020;0
Pernambuco;15/02/2020;0
Pernambuco;16/02/2020;0
Pernambuco;17/02/2020;0
Pernambuco;18/02/2020;0
Pernambuco;19/02/2020;0
Pernambuco;20/02/2020;0
Pernambuco;21/02/2020;0
Pernambuco;22/02/2020;0
Pernambuco;23/02/2020;0
Pernambuco;24/02/2020;0
Pernambuco;25/02/2020;0
Pernambuco;26/02/2020;0
Pernambuco;27/02/2020;0
Pernambuco;28/02/2020;0
Pernambuco;29/02/2020;0
Pernambuco;01/03/2020;0
Pernambuco;02/03/2020;0
Pernambuco;03/03/2020;0
Pernambuco;04/03/2020;0
Pernambuco;05/03/2020;0
Pernambuco;06/03/2020;0
Pernambuco;07/03/2020;0
Pernambuco;08/03/2020;0
Pernambuco;09/03/2020;0
Pernambuco;10/03/2020;0
Pernambuco;11/03/2020;0
Pernambuco;12/03/2020;2
Pernambuco;13/03/2020;0
Pernambuco;14/03/2020;0
Pernambuco;15/03/2020;0
Pernambuco;16/03/2020;0
Pernambuco;17/03/2020;14
Pernambuco;18/03/2020;0
Pernambuco;19/03/2020;12
Pernambuco;20/03/2020;2
Pernambuco;21/03/2020;0
Pernambuco;22/03/2020;7
Pernambuco;23/03/2020;5
Pernambuco;24/03/2020;0
Pernambuco;25/03/2020;4
Pernambuco;26/03/2020;2
Pernambuco;27/03/2020;8
Pernambuco;28/03/2020;12
Pernambuco;29/03/2020;5
Pernambuco;30/03/2020;5
Pernambuco;31/03/2020;9
Pernambuco;01/04/2020;8
Pernambuco;02/04/2020;11
Pernambuco;03/04/2020;30
Pernambuco;04/04/2020;40
Pernambuco;05/04/2020;25
Pernambuco;06/04/2020;22
Pernambuco;07/04/2020;129
Pernambuco;08/04/2020;49
Pernambuco;09/04/2020;154
Pernambuco;10/04/2020;129
Pernambuco;11/04/2020;132
Pernambuco;12/04/2020;144
Pernambuco;13/04/2020;194
Pernambuco;14/04/2020;130
Pernambuco;15/04/2020;200
Pernambuco;16/04/2020;199
Pernambuco;17/04/2020;323
Pernambuco;18/04/2020;187
Pernambuco;19/04/2020;266
Pernambuco;20/04/2020;231
Alagoas;30/01/2020;0
Alagoas;31/01/2020;0
Alagoas;01/02/2020;0
Alagoas;02/02/2020;0
Alagoas;03/02/2020;0
Alagoas;04/02/2020;0
Alagoas;05/02/2020;0
Alagoas;06/02/2020;0
Alagoas;07/02/2020;0
Alagoas;08/02/2020;0
Alagoas;09/02/2020;0
Alagoas;10/02/2020;0
Alagoas;11/02/2020;0
Alagoas;12/02/2020;0
Alagoas;13/02/2020;0
Alagoas;14/02/2020;0
Alagoas;15/02/2020;0
Alagoas;16/02/2020;0
Alagoas;17/02/2020;0
Alagoas;18/02/2020;0
Alagoas;19/02/2020;0
Alagoas;20/02/2020;0
Alagoas;21/02/2020;0
Alagoas;22/02/2020;0
Alagoas;23/02/2020;0
Alagoas;24/02/2020;0
Alagoas;25/02/2020;0
Alagoas;26/02/2020;0
Alagoas;27/02/2020;0
Alagoas;28/02/2020;0
Alagoas;29/02/2020;0
Alagoas;01/03/2020;0
Alagoas;02/03/2020;0
Alagoas;03/03/2020;0
Alagoas;04/03/2020;0
Alagoas;05/03/2020;0
Alagoas;06/03/2020;0
Alagoas;07/03/2020;0
Alagoas;08/03/2020;1
Alagoas;09/03/2020;0
Alagoas;10/03/2020;0
Alagoas;11/03/2020;0
Alagoas;12/03/2020;0
Alagoas;13/03/2020;0
Alagoas;14/03/2020;0
Alagoas;15/03/2020;0
Alagoas;16/03/2020;0
Alagoas;17/03/2020;0
Alagoas;18/03/2020;0
Alagoas;19/03/2020;3
Alagoas;20/03/2020;1
Alagoas;21/03/2020;2
Alagoas;22/03/2020;0
Alagoas;23/03/2020;0
Alagoas;24/03/2020;2
Alagoas;25/03/2020;2
Alagoas;26/03/2020;0
Alagoas;27/03/2020;0
Alagoas;28/03/2020;3
Alagoas;29/03/2020;3
Alagoas;30/03/2020;0
Alagoas;31/03/2020;1
Alagoas;01/04/2020;0
Alagoas;02/04/2020;0
Alagoas;03/04/2020;4
Alagoas;04/04/2020;1
Alagoas;05/04/2020;5
Alagoas;06/04/2020;3
Alagoas;07/04/2020;1
Alagoas;08/04/2020;5
Alagoas;09/04/2020;0
Alagoas;10/04/2020;8
Alagoas;11/04/2020;3
Alagoas;12/04/2020;0
Alagoas;13/04/2020;2
Alagoas;14/04/2020;22
Alagoas;15/04/2020;10
Alagoas;16/04/2020;7
Alagoas;17/04/2020;21
Alagoas;18/04/2020;22
Alagoas;19/04/2020;27
Alagoas;20/04/2020;12
Sergipe;30/01/2020;0
Sergipe;31/01/2020;0
Sergipe;01/02/2020;0
Sergipe;02/02/2020;0
Sergipe;03/02/2020;0
Sergipe;04/02/2020;0
Sergipe;05/02/2020;0
Sergipe;06/02/2020;0
Sergipe;07/02/2020;0
Sergipe;08/02/2020;0
Sergipe;09/02/2020;0
Sergipe;10/02/2020;0
Sergipe;11/02/2020;0
Sergipe;12/02/2020;0
Sergipe;13/02/2020;0
Sergipe;14/02/2020;0
Sergipe;15/02/2020;0
Sergipe;16/02/2020;0
Sergipe;17/02/2020;0
Sergipe;18/02/2020;0
Sergipe;19/02/2020;0
Sergipe;20/02/2020;0
Sergipe;21/02/2020;0
Sergipe;22/02/2020;0
Sergipe;23/02/2020;0
Sergipe;24/02/2020;0
Sergipe;25/02/2020;0
Sergipe;26/02/2020;0
Sergipe;27/02/2020;0
Sergipe;28/02/2020;0
Sergipe;29/02/2020;0
Sergipe;01/03/2020;0
Sergipe;02/03/2020;0
Sergipe;03/03/2020;0
Sergipe;04/03/2020;0
Sergipe;05/03/2020;0
Sergipe;06/03/2020;0
Sergipe;07/03/2020;0
Sergipe;08/03/2020;0
Sergipe;09/03/2020;0
Sergipe;10/03/2020;0
Sergipe;11/03/2020;0
Sergipe;12/03/2020;0
Sergipe;13/03/2020;0
Sergipe;14/03/2020;0
Sergipe;15/03/2020;1
Sergipe;16/03/2020;0
Sergipe;17/03/2020;3
Sergipe;18/03/2020;1
Sergipe;19/03/2020;1
Sergipe;20/03/2020;0
Sergipe;21/03/2020;4
Sergipe;22/03/2020;0
Sergipe;23/03/2020;0
Sergipe;24/03/2020;5
Sergipe;25/03/2020;1
Sergipe;26/03/2020;0
Sergipe;27/03/2020;0
Sergipe;28/03/2020;0
Sergipe;29/03/2020;0
Sergipe;30/03/2020;0
Sergipe;31/03/2020;3
Sergipe;01/04/2020;1
Sergipe;02/04/2020;3
Sergipe;03/04/2020;2
Sergipe;04/04/2020;2
Sergipe;05/04/2020;5
Sergipe;06/04/2020;0
Sergipe;07/04/2020;4
Sergipe;08/04/2020;0
Sergipe;09/04/2020;3
Sergipe;10/04/2020;3
Sergipe;11/04/2020;0
Sergipe;12/04/2020;2
Sergipe;13/04/2020;0
Sergipe;14/04/2020;1
Sergipe;15/04/2020;1
Sergipe;16/04/2020;2
Sergipe;17/04/2020;5
Sergipe;18/04/2020;18
Sergipe;19/04/2020;12
Sergipe;20/04/2020;3
Bahia;30/01/2020;0
Bahia;31/01/2020;0
Bahia;01/02/2020;0
Bahia;02/02/2020;0
Bahia;03/02/2020;0
Bahia;04/02/2020;0
Bahia;05/02/2020;0
Bahia;06/02/2020;0
Bahia;07/02/2020;0
Bahia;08/02/2020;0
Bahia;09/02/2020;0
Bahia;10/02/2020;0
Bahia;11/02/2020;0
Bahia;12/02/2020;0
Bahia;13/02/2020;0
Bahia;14/02/2020;0
Bahia;15/02/2020;0
Bahia;16/02/2020;0
Bahia;17/02/2020;0
Bahia;18/02/2020;0
Bahia;19/02/2020;0
Bahia;20/02/2020;0
Bahia;21/02/2020;0
Bahia;22/02/2020;0
Bahia;23/02/2020;0
Bahia;24/02/2020;0
Bahia;25/02/2020;0
Bahia;26/02/2020;0
Bahia;27/02/2020;0
Bahia;28/02/2020;0
Bahia;29/02/2020;0
Bahia;01/03/2020;0
Bahia;02/03/2020;0
Bahia;03/03/2020;0
Bahia;04/03/2020;0
Bahia;05/03/2020;0
Bahia;06/03/2020;1
Bahia;07/03/2020;1
Bahia;08/03/2020;0
Bahia;09/03/2020;0
Bahia;10/03/2020;0
Bahia;11/03/2020;0
Bahia;12/03/2020;0
Bahia;13/03/2020;0
Bahia;14/03/2020;0
Bahia;15/03/2020;0
Bahia;16/03/2020;0
Bahia;17/03/2020;1
Bahia;18/03/2020;0
Bahia;19/03/2020;27
Bahia;20/03/2020;3
Bahia;21/03/2020;8
Bahia;22/03/2020;8
Bahia;23/03/2020;14
Bahia;24/03/2020;13
Bahia;25/03/2020;8
Bahia;26/03/2020;20
Bahia;27/03/2020;11
Bahia;28/03/2020;12
Bahia;29/03/2020;27
Bahia;30/03/2020;22
Bahia;31/03/2020;37
Bahia;01/04/2020;33
Bahia;02/04/2020;21
Bahia;03/04/2020;15
Bahia;04/04/2020;50
Bahia;05/04/2020;69
Bahia;06/04/2020;30
Bahia;07/04/2020;25
Bahia;08/04/2020;41
Bahia;09/04/2020;62
Bahia;10/04/2020;45
Bahia;11/04/2020;31
Bahia;12/04/2020;38
Bahia;13/04/2020;50
Bahia;14/04/2020;36
Bahia;15/04/2020;48
Bahia;16/04/2020;144
Bahia;17/04/2020;108
Bahia;18/04/2020;134
Bahia;19/04/2020;37
Bahia;20/04/2020;111
MinasGerais;30/01/2020;0
MinasGerais;31/01/2020;0
MinasGerais;01/02/2020;0
MinasGerais;02/02/2020;0
MinasGerais;03/02/2020;0
MinasGerais;04/02/2020;0
MinasGerais;05/02/2020;0
MinasGerais;06/02/2020;0
MinasGerais;07/02/2020;0
MinasGerais;08/02/2020;0
MinasGerais;09/02/2020;0
MinasGerais;10/02/2020;0
MinasGerais;11/02/2020;0
MinasGerais;12/02/2020;0
MinasGerais;13/02/2020;0
MinasGerais;14/02/2020;0
MinasGerais;15/02/2020;0
MinasGerais;16/02/2020;0
MinasGerais;17/02/2020;0
MinasGerais;18/02/2020;0
MinasGerais;19/02/2020;0
MinasGerais;20/02/2020;0
MinasGerais;21/02/2020;0
MinasGerais;22/02/2020;0
MinasGerais;23/02/2020;0
MinasGerais;24/02/2020;0
MinasGerais;25/02/2020;0
MinasGerais;26/02/2020;0
MinasGerais;27/02/2020;0
MinasGerais;28/02/2020;0
MinasGerais;29/02/2020;0
MinasGerais;01/03/2020;0
MinasGerais;02/03/2020;0
MinasGerais;03/03/2020;0
MinasGerais;04/03/2020;0
MinasGerais;05/03/2020;0
MinasGerais;06/03/2020;0
MinasGerais;07/03/2020;0
MinasGerais;08/03/2020;1
MinasGerais;09/03/2020;0
MinasGerais;10/03/2020;0
MinasGerais;11/03/2020;0
MinasGerais;12/03/2020;0
MinasGerais;13/03/2020;1
MinasGerais;14/03/2020;0
MinasGerais;15/03/2020;0
MinasGerais;16/03/2020;3
MinasGerais;17/03/2020;2
MinasGerais;18/03/2020;8
MinasGerais;19/03/2020;14
MinasGerais;20/03/2020;6
MinasGerais;21/03/2020;3
MinasGerais;22/03/2020;45
MinasGerais;23/03/2020;45
MinasGerais;24/03/2020;2
MinasGerais;25/03/2020;3
MinasGerais;26/03/2020;20
MinasGerais;27/03/2020;36
MinasGerais;28/03/2020;16
MinasGerais;29/03/2020;26
MinasGerais;30/03/2020;30
MinasGerais;31/03/2020;14
MinasGerais;01/04/2020;39
MinasGerais;02/04/2020;56
MinasGerais;03/04/2020;27
MinasGerais;04/04/2020;33
MinasGerais;05/04/2020;68
MinasGerais;06/04/2020;27
MinasGerais;07/04/2020;34
MinasGerais;08/04/2020;55
MinasGerais;09/04/2020;41
MinasGerais;10/04/2020;43
MinasGerais;11/04/2020;52
MinasGerais;12/04/2020;56
MinasGerais;13/04/2020;9
MinasGerais;14/04/2020;69
MinasGerais;15/04/2020;19
MinasGerais;16/04/2020;55
MinasGerais;17/04/2020;63
MinasGerais;18/04/2020;56
MinasGerais;19/04/2020;77
MinasGerais;20/04/2020;35
MinasGerais;30/01/2020;0
EspiritoSanto;31/01/2020;0
EspiritoSanto;01/02/2020;0
EspiritoSanto;02/02/2020;0
EspiritoSanto;03/02/2020;0
EspiritoSanto;04/02/2020;0
EspiritoSanto;05/02/2020;0
EspiritoSanto;06/02/2020;0
EspiritoSanto;07/02/2020;0
EspiritoSanto;08/02/2020;0
EspiritoSanto;09/02/2020;0
EspiritoSanto;10/02/2020;0
EspiritoSanto;11/02/2020;0
EspiritoSanto;12/02/2020;0
EspiritoSanto;13/02/2020;0
EspiritoSanto;14/02/2020;0
EspiritoSanto;15/02/2020;0
EspiritoSanto;16/02/2020;0
EspiritoSanto;17/02/2020;0
EspiritoSanto;18/02/2020;0
EspiritoSanto;19/02/2020;0
EspiritoSanto;20/02/2020;0
EspiritoSanto;21/02/2020;0
EspiritoSanto;22/02/2020;0
EspiritoSanto;23/02/2020;0
EspiritoSanto;24/02/2020;0
EspiritoSanto;25/02/2020;0
EspiritoSanto;26/02/2020;0
EspiritoSanto;27/02/2020;0
EspiritoSanto;28/02/2020;0
EspiritoSanto;29/02/2020;0
EspiritoSanto;01/03/2020;0
EspiritoSanto;02/03/2020;0
EspiritoSanto;03/03/2020;0
EspiritoSanto;04/03/2020;0
EspiritoSanto;05/03/2020;0
EspiritoSanto;06/03/2020;1
EspiritoSanto;07/03/2020;0
EspiritoSanto;08/03/2020;0
EspiritoSanto;09/03/2020;0
EspiritoSanto;10/03/2020;0
EspiritoSanto;11/03/2020;0
EspiritoSanto;12/03/2020;0
EspiritoSanto;13/03/2020;0
EspiritoSanto;14/03/2020;0
EspiritoSanto;15/03/2020;0
EspiritoSanto;16/03/2020;0
EspiritoSanto;17/03/2020;0
EspiritoSanto;18/03/2020;8
EspiritoSanto;19/03/2020;2
EspiritoSanto;20/03/2020;2
EspiritoSanto;21/03/2020;13
EspiritoSanto;22/03/2020;0
EspiritoSanto;23/03/2020;3
EspiritoSanto;24/03/2020;4
EspiritoSanto;25/03/2020;6
EspiritoSanto;26/03/2020;0
EspiritoSanto;27/03/2020;8
EspiritoSanto;28/03/2020;6
EspiritoSanto;29/03/2020;7
EspiritoSanto;30/03/2020;12
EspiritoSanto;31/03/2020;12
EspiritoSanto;01/04/2020;12
EspiritoSanto;02/04/2020;24
EspiritoSanto;03/04/2020;19
EspiritoSanto;04/04/2020;14
EspiritoSanto;05/04/2020;13
EspiritoSanto;06/04/2020;28
EspiritoSanto;07/04/2020;15
EspiritoSanto;08/04/2020;18
EspiritoSanto;09/04/2020;46
EspiritoSanto;10/04/2020;27
EspiritoSanto;11/04/2020;49
EspiritoSanto;12/04/2020;34
EspiritoSanto;13/04/2020;47
EspiritoSanto;14/04/2020;33
EspiritoSanto;15/04/2020;94
EspiritoSanto;16/04/2020;197
EspiritoSanto;17/04/2020;102
EspiritoSanto;18/04/2020;96
EspiritoSanto;19/04/2020;147
EspiritoSanto;20/04/2020;69
RiodeJaneiro;30/01/2020;0
RiodeJaneiro;31/01/2020;0
RiodeJaneiro;01/02/2020;0
RiodeJaneiro;02/02/2020;0
RiodeJaneiro;03/02/2020;0
RiodeJaneiro;04/02/2020;0
RiodeJaneiro;05/02/2020;0
RiodeJaneiro;06/02/2020;0
RiodeJaneiro;07/02/2020;0
RiodeJaneiro;08/02/2020;0
RiodeJaneiro;09/02/2020;0
RiodeJaneiro;10/02/2020;0
RiodeJaneiro;11/02/2020;0
RiodeJaneiro;12/02/2020;0
RiodeJaneiro;13/02/2020;0
RiodeJaneiro;14/02/2020;0
RiodeJaneiro;15/02/2020;0
RiodeJaneiro;16/02/2020;0
RiodeJaneiro;17/02/2020;0
RiodeJaneiro;18/02/2020;0
RiodeJaneiro;19/02/2020;0
RiodeJaneiro;20/02/2020;0
RiodeJaneiro;21/02/2020;0
RiodeJaneiro;22/02/2020;0
RiodeJaneiro;23/02/2020;0
RiodeJaneiro;24/02/2020;0
RiodeJaneiro;25/02/2020;0
RiodeJaneiro;26/02/2020;0
RiodeJaneiro;27/02/2020;0
RiodeJaneiro;28/02/2020;0
RiodeJaneiro;29/02/2020;0
RiodeJaneiro;01/03/2020;0
RiodeJaneiro;02/03/2020;0
RiodeJaneiro;03/03/2020;0
RiodeJaneiro;04/03/2020;0
RiodeJaneiro;05/03/2020;1
RiodeJaneiro;06/03/2020;0
RiodeJaneiro;07/03/2020;1
RiodeJaneiro;08/03/2020;1
RiodeJaneiro;09/03/2020;0
RiodeJaneiro;10/03/2020;5
RiodeJaneiro;11/03/2020;5
RiodeJaneiro;12/03/2020;3
RiodeJaneiro;13/03/2020;0
RiodeJaneiro;14/03/2020;6
RiodeJaneiro;15/03/2020;2
RiodeJaneiro;16/03/2020;7
RiodeJaneiro;17/03/2020;2
RiodeJaneiro;18/03/2020;12
RiodeJaneiro;19/03/2020;20
RiodeJaneiro;20/03/2020;44
RiodeJaneiro;21/03/2020;10
RiodeJaneiro;22/03/2020;67
RiodeJaneiro;23/03/2020;47
RiodeJaneiro;24/03/2020;72
RiodeJaneiro;25/03/2020;65
RiodeJaneiro;26/03/2020;51
RiodeJaneiro;27/03/2020;72
RiodeJaneiro;28/03/2020;65
RiodeJaneiro;29/03/2020;42
RiodeJaneiro;30/03/2020;57
RiodeJaneiro;31/03/2020;51
RiodeJaneiro;01/04/2020;124
RiodeJaneiro;02/04/2020;160
RiodeJaneiro;03/04/2020;82
RiodeJaneiro;04/04/2020;172
RiodeJaneiro;05/04/2020;148
RiodeJaneiro;06/04/2020;67
RiodeJaneiro;07/04/2020;227
RiodeJaneiro;08/04/2020;250
RiodeJaneiro;09/04/2020;278
RiodeJaneiro;10/04/2020;248
RiodeJaneiro;11/04/2020;143
RiodeJaneiro;12/04/2020;248
RiodeJaneiro;13/04/2020;376
RiodeJaneiro;14/04/2020;179
RiodeJaneiro;15/04/2020;333
RiodeJaneiro;16/04/2020;201
RiodeJaneiro;17/04/2020;405
RiodeJaneiro;18/04/2020;194
RiodeJaneiro;19/04/2020;222
RiodeJaneiro;20/04/2020;134
SaoPaulo;30/01/2020;0
SaoPaulo;31/01/2020;0
SaoPaulo;01/02/2020;0
SaoPaulo;02/02/2020;0
SaoPaulo;03/02/2020;0
SaoPaulo;04/02/2020;0
SaoPaulo;05/02/2020;0
SaoPaulo;06/02/2020;0
SaoPaulo;07/02/2020;0
SaoPaulo;08/02/2020;0
SaoPaulo;09/02/2020;0
SaoPaulo;10/02/2020;0
SaoPaulo;11/02/2020;0
SaoPaulo;12/02/2020;0
SaoPaulo;13/02/2020;0
SaoPaulo;14/02/2020;0
SaoPaulo;15/02/2020;0
SaoPaulo;16/02/2020;0
SaoPaulo;17/02/2020;0
SaoPaulo;18/02/2020;0
SaoPaulo;19/02/2020;0
SaoPaulo;20/02/2020;0
SaoPaulo;21/02/2020;0
SaoPaulo;22/02/2020;0
SaoPaulo;23/02/2020;0
SaoPaulo;24/02/2020;0
SaoPaulo;25/02/2020;0
SaoPaulo;26/02/2020;1
SaoPaulo;27/02/2020;0
SaoPaulo;28/02/2020;0
SaoPaulo;29/02/2020;1
SaoPaulo;01/03/2020;0
SaoPaulo;02/03/2020;0
SaoPaulo;03/03/2020;0
SaoPaulo;04/03/2020;1
SaoPaulo;05/03/2020;3
SaoPaulo;06/03/2020;4
SaoPaulo;07/03/2020;3
SaoPaulo;08/03/2020;3
SaoPaulo;09/03/2020;0
SaoPaulo;10/03/2020;3
SaoPaulo;11/03/2020;11
SaoPaulo;12/03/2020;12
SaoPaulo;13/03/2020;14
SaoPaulo;14/03/2020;9
SaoPaulo;15/03/2020;71
SaoPaulo;16/03/2020;16
SaoPaulo;17/03/2020;12
SaoPaulo;18/03/2020;76
SaoPaulo;19/03/2020;46
SaoPaulo;20/03/2020;110
SaoPaulo;21/03/2020;63
SaoPaulo;22/03/2020;172
SaoPaulo;23/03/2020;114
SaoPaulo;24/03/2020;65
SaoPaulo;25/03/2020;52
SaoPaulo;26/03/2020;190
SaoPaulo;27/03/2020;171
SaoPaulo;28/03/2020;183
SaoPaulo;29/03/2020;45
SaoPaulo;30/03/2020;66
SaoPaulo;31/03/2020;822
SaoPaulo;01/04/2020;642
SaoPaulo;02/04/2020;525
SaoPaulo;03/04/2020;542
SaoPaulo;04/04/2020;418
SaoPaulo;05/04/2020;154
SaoPaulo;06/04/2020;246
SaoPaulo;07/04/2020;816
SaoPaulo;08/04/2020;1026
SaoPaulo;09/04/2020;772
SaoPaulo;10/04/2020;736
SaoPaulo;11/04/2020;203
SaoPaulo;12/04/2020;336
SaoPaulo;13/04/2020;140
SaoPaulo;14/04/2020;476
SaoPaulo;15/04/2020;1672
SaoPaulo;16/04/2020;525
SaoPaulo;17/04/2020;1273
SaoPaulo;18/04/2020;1053
SaoPaulo;19/04/2020;373
SaoPaulo;20/04/2020;313
Parana;30/01/2020;0
Parana;31/01/2020;0
Parana;01/02/2020;0
Parana;02/02/2020;0
Parana;03/02/2020;0
Parana;04/02/2020;0
Parana;05/02/2020;0
Parana;06/02/2020;0
Parana;07/02/2020;0
Parana;08/02/2020;0
Parana;09/02/2020;0
Parana;10/02/2020;0
Parana;11/02/2020;0
Parana;12/02/2020;0
Parana;13/02/2020;0
Parana;14/02/2020;0
Parana;15/02/2020;0
Parana;16/02/2020;0
Parana;17/02/2020;0
Parana;18/02/2020;0
Parana;19/02/2020;0
Parana;20/02/2020;0
Parana;21/02/2020;0
Parana;22/02/2020;0
Parana;23/02/2020;0
Parana;24/02/2020;0
Parana;25/02/2020;0
Parana;26/02/2020;0
Parana;27/02/2020;0
Parana;28/02/2020;0
Parana;29/02/2020;0
Parana;01/03/2020;0
Parana;02/03/2020;0
Parana;03/03/2020;0
Parana;04/03/2020;0
Parana;05/03/2020;0
Parana;06/03/2020;0
Parana;07/03/2020;0
Parana;08/03/2020;0
Parana;09/03/2020;0
Parana;10/03/2020;0
Parana;11/03/2020;0
Parana;12/03/2020;6
Parana;13/03/2020;0
Parana;14/03/2020;0
Parana;15/03/2020;0
Parana;16/03/2020;0
Parana;17/03/2020;0
Parana;18/03/2020;7
Parana;19/03/2020;10
Parana;20/03/2020;9
Parana;21/03/2020;11
Parana;22/03/2020;7
Parana;23/03/2020;6
Parana;24/03/2020;9
Parana;25/03/2020;16
Parana;26/03/2020;21
Parana;27/03/2020;17
Parana;28/03/2020;14
Parana;29/03/2020;15
Parana;30/03/2020;7
Parana;31/03/2020;24
Parana;01/04/2020;45
Parana;02/04/2020;28
Parana;03/04/2020;49
Parana;04/04/2020;94
Parana;05/04/2020;43
Parana;06/04/2020;20
Parana;07/04/2020;45
Parana;08/04/2020;36
Parana;09/04/2020;70
Parana;10/04/2020;34
Parana;11/04/2020;33
Parana;12/04/2020;62
Parana;13/04/2020;18
Parana;14/04/2020;35
Parana;15/04/2020;12
Parana;16/04/2020;29
Parana;17/04/2020;42
Parana;18/04/2020;71
Parana;19/04/2020;42
Parana;20/04/2020;20
SantaCatarina;30/01/2020;0
SantaCatarina;31/01/2020;0
SantaCatarina;01/02/2020;0
SantaCatarina;02/02/2020;0
SantaCatarina;03/02/2020;0
SantaCatarina;04/02/2020;0
SantaCatarina;05/02/2020;0
SantaCatarina;06/02/2020;0
SantaCatarina;07/02/2020;0
SantaCatarina;08/02/2020;0
SantaCatarina;09/02/2020;0
SantaCatarina;10/02/2020;0
SantaCatarina;11/02/2020;0
SantaCatarina;12/02/2020;0
SantaCatarina;13/02/2020;0
SantaCatarina;14/02/2020;0
SantaCatarina;15/02/2020;0
SantaCatarina;16/02/2020;0
SantaCatarina;17/02/2020;0
SantaCatarina;18/02/2020;0
SantaCatarina;19/02/2020;0
SantaCatarina;20/02/2020;0
SantaCatarina;21/02/2020;0
SantaCatarina;22/02/2020;0
SantaCatarina;23/02/2020;0
SantaCatarina;24/02/2020;0
SantaCatarina;25/02/2020;0
SantaCatarina;26/02/2020;0
SantaCatarina;27/02/2020;0
SantaCatarina;28/02/2020;0
SantaCatarina;29/02/2020;0
SantaCatarina;01/03/2020;0
SantaCatarina;02/03/2020;0
SantaCatarina;03/03/2020;0
SantaCatarina;04/03/2020;0
SantaCatarina;05/03/2020;0
SantaCatarina;06/03/2020;0
SantaCatarina;07/03/2020;0
SantaCatarina;08/03/2020;0
SantaCatarina;09/03/2020;0
SantaCatarina;10/03/2020;0
SantaCatarina;11/03/2020;0
SantaCatarina;12/03/2020;0
SantaCatarina;13/03/2020;2
SantaCatarina;14/03/2020;2
SantaCatarina;15/03/2020;2
SantaCatarina;16/03/2020;1
SantaCatarina;17/03/2020;0
SantaCatarina;18/03/2020;3
SantaCatarina;19/03/2020;10
SantaCatarina;20/03/2020;1
SantaCatarina;21/03/2020;30
SantaCatarina;22/03/2020;6
SantaCatarina;23/03/2020;11
SantaCatarina;24/03/2020;39
SantaCatarina;25/03/2020;2
SantaCatarina;26/03/2020;13
SantaCatarina;27/03/2020;27
SantaCatarina;28/03/2020;35
SantaCatarina;29/03/2020;10
SantaCatarina;30/03/2020;3
SantaCatarina;31/03/2020;22
SantaCatarina;01/04/2020;16
SantaCatarina;02/04/2020;12
SantaCatarina;03/04/2020;34
SantaCatarina;04/04/2020;53
SantaCatarina;05/04/2020;23
SantaCatarina;06/04/2020;22
SantaCatarina;07/04/2020;38
SantaCatarina;08/04/2020;40
SantaCatarina;09/04/2020;44
SantaCatarina;10/04/2020;192
SantaCatarina;11/04/2020;39
SantaCatarina;12/04/2020;36
SantaCatarina;13/04/2020;9
SantaCatarina;14/04/2020;49
SantaCatarina;15/04/2020;27
SantaCatarina;16/04/2020;31
SantaCatarina;17/04/2020;42
SantaCatarina;18/04/2020;36
SantaCatarina;19/04/2020;13
SantaCatarina;20/04/2020;50
RioGrandedoSul;30/01/2020;0
RioGrandedoSul;31/01/2020;0
RioGrandedoSul;01/02/2020;0
RioGrandedoSul;02/02/2020;0
RioGrandedoSul;03/02/2020;0
RioGrandedoSul;04/02/2020;0
RioGrandedoSul;05/02/2020;0
RioGrandedoSul;06/02/2020;0
RioGrandedoSul;07/02/2020;0
RioGrandedoSul;08/02/2020;0
RioGrandedoSul;09/02/2020;0
RioGrandedoSul;10/02/2020;0
RioGrandedoSul;11/02/2020;0
RioGrandedoSul;12/02/2020;0
RioGrandedoSul;13/02/2020;0
RioGrandedoSul;14/02/2020;0
RioGrandedoSul;15/02/2020;0
RioGrandedoSul;16/02/2020;0
RioGrandedoSul;17/02/2020;0
RioGrandedoSul;18/02/2020;0
RioGrandedoSul;19/02/2020;0
RioGrandedoSul;20/02/2020;0
RioGrandedoSul;21/02/2020;0
RioGrandedoSul;22/02/2020;0
RioGrandedoSul;23/02/2020;0
RioGrandedoSul;24/02/2020;0
RioGrandedoSul;25/02/2020;0
RioGrandedoSul;26/02/2020;0
RioGrandedoSul;27/02/2020;0
RioGrandedoSul;28/02/2020;0
RioGrandedoSul;29/02/2020;0
RioGrandedoSul;01/03/2020;0
RioGrandedoSul;02/03/2020;0
RioGrandedoSul;03/03/2020;0
RioGrandedoSul;04/03/2020;0
RioGrandedoSul;05/03/2020;0
RioGrandedoSul;06/03/2020;0
RioGrandedoSul;07/03/2020;0
RioGrandedoSul;08/03/2020;0
RioGrandedoSul;09/03/2020;0
RioGrandedoSul;10/03/2020;1
RioGrandedoSul;11/03/2020;1
RioGrandedoSul;12/03/2020;2
RioGrandedoSul;13/03/2020;0
RioGrandedoSul;14/03/2020;2
RioGrandedoSul;15/03/2020;0
RioGrandedoSul;16/03/2020;0
RioGrandedoSul;17/03/2020;4
RioGrandedoSul;18/03/2020;9
RioGrandedoSul;19/03/2020;9
RioGrandedoSul;20/03/2020;9
RioGrandedoSul;21/03/2020;23
RioGrandedoSul;22/03/2020;12
RioGrandedoSul;23/03/2020;14
RioGrandedoSul;24/03/2020;12
RioGrandedoSul;25/03/2020;25
RioGrandedoSul;26/03/2020;45
RioGrandedoSul;27/03/2020;27
RioGrandedoSul;28/03/2020;2
RioGrandedoSul;29/03/2020;29
RioGrandedoSul;30/03/2020;15
RioGrandedoSul;31/03/2020;33
RioGrandedoSul;01/04/2020;32
RioGrandedoSul;02/04/2020;28
RioGrandedoSul;03/04/2020;62
RioGrandedoSul;04/04/2020;14
RioGrandedoSul;05/04/2020;8
RioGrandedoSul;06/04/2020;63
RioGrandedoSul;07/04/2020;27
RioGrandedoSul;08/04/2020;47
RioGrandedoSul;09/04/2020;63
RioGrandedoSul;10/04/2020;18
RioGrandedoSul;11/04/2020;4
RioGrandedoSul;12/04/2020;13
RioGrandedoSul;13/04/2020;11
RioGrandedoSul;14/04/2020;36
RioGrandedoSul;15/04/2020;47
RioGrandedoSul;16/04/2020;33
RioGrandedoSul;17/04/2020;22
RioGrandedoSul;18/04/2020;29
RioGrandedoSul;19/04/2020;23
RioGrandedoSul;20/04/2020;35
MatoGrossodoSul;30/01/2020;0
MatoGrossodoSul;31/01/2020;0
MatoGrossodoSul;01/02/2020;0
MatoGrossodoSul;02/02/2020;0
MatoGrossodoSul;03/02/2020;0
MatoGrossodoSul;04/02/2020;0
MatoGrossodoSul;05/02/2020;0
MatoGrossodoSul;06/02/2020;0
MatoGrossodoSul;07/02/2020;0
MatoGrossodoSul;08/02/2020;0
MatoGrossodoSul;09/02/2020;0
MatoGrossodoSul;10/02/2020;0
MatoGrossodoSul;11/02/2020;0
MatoGrossodoSul;12/02/2020;0
MatoGrossodoSul;13/02/2020;0
MatoGrossodoSul;14/02/2020;0
MatoGrossodoSul;15/02/2020;0
MatoGrossodoSul;16/02/2020;0
MatoGrossodoSul;17/02/2020;0
MatoGrossodoSul;18/02/2020;0
MatoGrossodoSul;19/02/2020;0
MatoGrossodoSul;20/02/2020;0
MatoGrossodoSul;21/02/2020;0
MatoGrossodoSul;22/02/2020;0
MatoGrossodoSul;23/02/2020;0
MatoGrossodoSul;24/02/2020;0
MatoGrossodoSul;25/02/2020;0
MatoGrossodoSul;26/02/2020;0
MatoGrossodoSul;27/02/2020;0
MatoGrossodoSul;28/02/2020;0
MatoGrossodoSul;29/02/2020;0
MatoGrossodoSul;01/03/2020;0
MatoGrossodoSul;02/03/2020;0
MatoGrossodoSul;03/03/2020;0
MatoGrossodoSul;04/03/2020;0
MatoGrossodoSul;05/03/2020;0
MatoGrossodoSul;06/03/2020;0
MatoGrossodoSul;07/03/2020;0
MatoGrossodoSul;08/03/2020;0
MatoGrossodoSul;09/03/2020;0
MatoGrossodoSul;10/03/2020;0
MatoGrossodoSul;11/03/2020;0
MatoGrossodoSul;12/03/2020;0
MatoGrossodoSul;13/03/2020;0
MatoGrossodoSul;14/03/2020;0
MatoGrossodoSul;15/03/2020;0
MatoGrossodoSul;16/03/2020;2
MatoGrossodoSul;17/03/2020;2
MatoGrossodoSul;18/03/2020;3
MatoGrossodoSul;19/03/2020;0
MatoGrossodoSul;20/03/2020;2
MatoGrossodoSul;21/03/2020;7
MatoGrossodoSul;22/03/2020;5
MatoGrossodoSul;23/03/2020;0
MatoGrossodoSul;24/03/2020;2
MatoGrossodoSul;25/03/2020;1
MatoGrossodoSul;26/03/2020;1
MatoGrossodoSul;27/03/2020;3
MatoGrossodoSul;28/03/2020;3
MatoGrossodoSul;29/03/2020;5
MatoGrossodoSul;30/03/2020;8
MatoGrossodoSul;31/03/2020;4
MatoGrossodoSul;01/04/2020;3
MatoGrossodoSul;02/04/2020;2
MatoGrossodoSul;03/04/2020;7
MatoGrossodoSul;04/04/2020;2
MatoGrossodoSul;05/04/2020;3
MatoGrossodoSul;06/04/2020;1
MatoGrossodoSul;07/04/2020;14
MatoGrossodoSul;08/04/2020;5
MatoGrossodoSul;09/04/2020;4
MatoGrossodoSul;10/04/2020;8
MatoGrossodoSul;11/04/2020;3
MatoGrossodoSul;12/04/2020;1
MatoGrossodoSul;13/04/2020;12
MatoGrossodoSul;14/04/2020;2
MatoGrossodoSul;15/04/2020;6
MatoGrossodoSul;16/04/2020;10
MatoGrossodoSul;17/04/2020;12
MatoGrossodoSul;18/04/2020;18
MatoGrossodoSul;19/04/2020;7
MatoGrossodoSul;20/04/2020;3
MatoGrosso;30/01/2020;0
MatoGrosso;31/01/2020;0
MatoGrosso;01/02/2020;0
MatoGrosso;02/02/2020;0
MatoGrosso;03/02/2020;0
MatoGrosso;04/02/2020;0
MatoGrosso;05/02/2020;0
MatoGrosso;06/02/2020;0
MatoGrosso;07/02/2020;0
MatoGrosso;08/02/2020;0
MatoGrosso;09/02/2020;0
MatoGrosso;10/02/2020;0
MatoGrosso;11/02/2020;0
MatoGrosso;12/02/2020;0
MatoGrosso;13/02/2020;0
MatoGrosso;14/02/2020;0
MatoGrosso;15/02/2020;0
MatoGrosso;16/02/2020;0
MatoGrosso;17/02/2020;0
MatoGrosso;18/02/2020;0
MatoGrosso;19/02/2020;0
MatoGrosso;20/02/2020;0
MatoGrosso;21/02/2020;0
MatoGrosso;22/02/2020;0
MatoGrosso;23/02/2020;0
MatoGrosso;24/02/2020;0
MatoGrosso;25/02/2020;0
MatoGrosso;26/02/2020;0
MatoGrosso;27/02/2020;0
MatoGrosso;28/02/2020;0
MatoGrosso;29/02/2020;0
MatoGrosso;01/03/2020;0
MatoGrosso;02/03/2020;0
MatoGrosso;03/03/2020;0
MatoGrosso;04/03/2020;0
MatoGrosso;05/03/2020;0
MatoGrosso;06/03/2020;0
MatoGrosso;07/03/2020;0
MatoGrosso;08/03/2020;0
MatoGrosso;09/03/2020;0
MatoGrosso;10/03/2020;0
MatoGrosso;11/03/2020;0
MatoGrosso;12/03/2020;0
MatoGrosso;13/03/2020;0
MatoGrosso;14/03/2020;0
MatoGrosso;15/03/2020;0
MatoGrosso;16/03/2020;0
MatoGrosso;17/03/2020;0
MatoGrosso;18/03/2020;0
MatoGrosso;19/03/2020;0
MatoGrosso;20/03/2020;1
MatoGrosso;21/03/2020;1
MatoGrosso;22/03/2020;0
MatoGrosso;23/03/2020;0
MatoGrosso;24/03/2020;5
MatoGrosso;25/03/2020;1
MatoGrosso;26/03/2020;3
MatoGrosso;27/03/2020;0
MatoGrosso;28/03/2020;2
MatoGrosso;29/03/2020;3
MatoGrosso;30/03/2020;2
MatoGrosso;31/03/2020;7
MatoGrosso;01/04/2020;2
MatoGrosso;02/04/2020;9
MatoGrosso;03/04/2020;8
MatoGrosso;04/04/2020;12
MatoGrosso;05/04/2020;4
MatoGrosso;06/04/2020;16
MatoGrosso;07/04/2020;2
MatoGrosso;08/04/2020;12
MatoGrosso;09/04/2020;18
MatoGrosso;10/04/2020;4
MatoGrosso;11/04/2020;9
MatoGrosso;12/04/2020;2
MatoGrosso;13/04/2020;11
MatoGrosso;14/04/2020;4
MatoGrosso;15/04/2020;13
MatoGrosso;16/04/2020;5
MatoGrosso;17/04/2020;6
MatoGrosso;18/04/2020;9
MatoGrosso;19/04/2020;3
MatoGrosso;20/04/2020;7
Goias;30/01/2020;0
Goias;31/01/2020;0
Goias;01/02/2020;0
Goias;02/02/2020;0
Goias;03/02/2020;0
Goias;04/02/2020;0
Goias;05/02/2020;0
Goias;06/02/2020;0
Goias;07/02/2020;0
Goias;08/02/2020;0
Goias;09/02/2020;0
Goias;10/02/2020;0
Goias;11/02/2020;0
Goias;12/02/2020;0
Goias;13/02/2020;0
Goias;14/02/2020;0
Goias;15/02/2020;0
Goias;16/02/2020;0
Goias;17/02/2020;0
Goias;18/02/2020;0
Goias;19/02/2020;0
Goias;20/02/2020;0
Goias;21/02/2020;0
Goias;22/02/2020;0
Goias;23/02/2020;0
Goias;24/02/2020;0
Goias;25/02/2020;0
Goias;26/02/2020;0
Goias;27/02/2020;0
Goias;28/02/2020;0
Goias;29/02/2020;0
Goias;01/03/2020;0
Goias;02/03/2020;0
Goias;03/03/2020;0
Goias;04/03/2020;0
Goias;05/03/2020;0
Goias;06/03/2020;0
Goias;07/03/2020;0
Goias;08/03/2020;0
Goias;09/03/2020;0
Goias;10/03/2020;0
Goias;11/03/2020;0
Goias;12/03/2020;0
Goias;13/03/2020;3
Goias;14/03/2020;0
Goias;15/03/2020;0
Goias;16/03/2020;0
Goias;17/03/2020;3
Goias;18/03/2020;2
Goias;19/03/2020;4
Goias;20/03/2020;3
Goias;21/03/2020;5
Goias;22/03/2020;1
Goias;23/03/2020;2
Goias;24/03/2020;4
Goias;25/03/2020;2
Goias;26/03/2020;10
Goias;27/03/2020;10
Goias;28/03/2020;7
Goias;29/03/2020;2
Goias;30/03/2020;3
Goias;31/03/2020;4
Goias;01/04/2020;6
Goias;02/04/2020;2
Goias;03/04/2020;15
Goias;04/04/2020;15
Goias;05/04/2020;12
Goias;06/04/2020;4
Goias;07/04/2020;14
Goias;08/04/2020;25
Goias;09/04/2020;21
Goias;10/04/2020;12
Goias;11/04/2020;18
Goias;12/04/2020;20
Goias;13/04/2020;4
Goias;14/04/2020;51
Goias;15/04/2020;20
Goias;16/04/2020;14
Goias;17/04/2020;17
Goias;18/04/2020;43
Goias;19/04/2020;15
Goias;20/04/2020;10
DistritoFederal;30/01/2020;0
DistritoFederal;31/01/2020;0
DistritoFederal;01/02/2020;0
DistritoFederal;02/02/2020;0
DistritoFederal;03/02/2020;0
DistritoFederal;04/02/2020;0
DistritoFederal;05/02/2020;0
DistritoFederal;06/02/2020;0
DistritoFederal;07/02/2020;0
DistritoFederal;08/02/2020;0
DistritoFederal;09/02/2020;0
DistritoFederal;10/02/2020;0
DistritoFederal;11/02/2020;0
DistritoFederal;12/02/2020;0
DistritoFederal;13/02/2020;0
DistritoFederal;14/02/2020;0
DistritoFederal;15/02/2020;0
DistritoFederal;16/02/2020;0
DistritoFederal;17/02/2020;0
DistritoFederal;18/02/2020;0
DistritoFederal;19/02/2020;0
DistritoFederal;20/02/2020;0
DistritoFederal;21/02/2020;0
DistritoFederal;22/02/2020;0
DistritoFederal;23/02/2020;0
DistritoFederal;24/02/2020;0
DistritoFederal;25/02/2020;0
DistritoFederal;26/02/2020;0
DistritoFederal;27/02/2020;0
DistritoFederal;28/02/2020;0
DistritoFederal;29/02/2020;0
DistritoFederal;01/03/2020;0
DistritoFederal;02/03/2020;0
DistritoFederal;03/03/2020;0
DistritoFederal;04/03/2020;0
DistritoFederal;05/03/2020;0
DistritoFederal;06/03/2020;0
DistritoFederal;07/03/2020;1
DistritoFederal;08/03/2020;0
DistritoFederal;09/03/2020;0
DistritoFederal;10/03/2020;0
DistritoFederal;11/03/2020;1
DistritoFederal;12/03/2020;0
DistritoFederal;13/03/2020;0
DistritoFederal;14/03/2020;4
DistritoFederal;15/03/2020;2
DistritoFederal;16/03/2020;5
DistritoFederal;17/03/2020;9
DistritoFederal;18/03/2020;4
DistritoFederal;19/03/2020;16
DistritoFederal;20/03/2020;45
DistritoFederal;21/03/2020;13
DistritoFederal;22/03/2020;17
DistritoFederal;23/03/2020;16
DistritoFederal;24/03/2020;27
DistritoFederal;25/03/2020;0
DistritoFederal;26/03/2020;40
DistritoFederal;27/03/2020;30
DistritoFederal;28/03/2020;30
DistritoFederal;29/03/2020;29
DistritoFederal;30/03/2020;23
DistritoFederal;31/03/2020;20
DistritoFederal;01/04/2020;23
DistritoFederal;02/04/2020;15
DistritoFederal;03/04/2020;32
DistritoFederal;04/04/2020;52
DistritoFederal;05/04/2020;14
DistritoFederal;06/04/2020;5
DistritoFederal;07/04/2020;19
DistritoFederal;08/04/2020;17
DistritoFederal;09/04/2020;18
DistritoFederal;10/04/2020;28
DistritoFederal;11/04/2020;24
DistritoFederal;12/04/2020;35
DistritoFederal;13/04/2020;24
DistritoFederal;14/04/2020;13
DistritoFederal;15/04/2020;31
DistritoFederal;16/04/2020;34
DistritoFederal;17/04/2020;30
DistritoFederal;18/04/2020;16
DistritoFederal;19/04/2020;65
DistritoFederal;20/04/2020;45